,Country,Monthly_Sal_EUR,YearsCodePro
5400,Afghanistan,0.299825,3
37543,Afghanistan,532.0894333333333,3
62231,Afghanistan,2371.4158666666667,0
85450,Afghanistan,599.65,0
