,Country,Monthly_Sal_EUR,YearsCodePro
1019,Algeria,3847.7541666666666,1
25364,Algeria,349.79583333333335,3
35038,Algeria,3997.6666666666665,1
36218,Algeria,12992.416666666666,10
40848,Algeria,8994.75,5
59351,Algeria,11733.751316666665,3
61774,Algeria,5996.5,1
63178,Algeria,999.4166666666666,1
69517,Algeria,8195.216666666667,1
69746,Algeria,99.94166666666666,2
73680,Algeria,5996.5,4
78194,Algeria,16506.865375,7
