,Country,Monthly_Sal_EUR,YearsCodePro
5802,Andorra,10393.933333333332,8
34843,Andorra,6995.916666666666,5
49793,Andorra,169.9008333333333,2
