,Country,Monthly_Sal_EUR,YearsCodePro
7370,Angola,99.94166666666666,1
44587,Angola,40.37643333333333,3
