,Country,Monthly_Sal_EUR,YearsCodePro
28656,Bahrain,1798.95,7
38492,Bahrain,102.54015,12
43204,Bahrain,219.87166666666667,18
57787,Bahrain,24.985416666666666,1
