,Country,Monthly_Sal_EUR,YearsCodePro
50565,Benin,783.1428999999999,3
74878,Benin,6712.482099999999,15
