,Country,Monthly_Sal_EUR,YearsCodePro
8712,Botswana,999.4166666666666,4
9403,Botswana,3028.2325,5
11074,Botswana,1948.8625000000002,10
27125,Botswana,399.76666666666665,5
