,Country,Monthly_Sal_EUR,YearsCodePro
545,Botswana,13991.833333333332,21
74913,Botswana,19988.333333333332,3
