,Country,Monthly_Sal_EUR,YearsCodePro
11621,Egypt,2518.5299999999997,6.0
21308,Egypt,149.9125,12.0
47199,Egypt,14.99125,1.0
47283,Egypt,359.79,3.0
