,Country,Monthly_Sal_EUR,YearsCodePro
331,El Salvador,59.965,2.0
17242,El Salvador,999.4166666666666,3.0
36302,El Salvador,1599.0666666666666,2.0
44350,El Salvador,1918.88,9.0
