,Country,Monthly_Sal_EUR,YearsCodePro
17986,Fiji,1295.84365,3
35378,Fiji,574.6645833333333,0
48475,Fiji,719.58,0
65371,Fiji,1674.2228,6
