,Country,Monthly_Sal_EUR,YearsCodePro
3120,Fiji,649.6208333333333,1
35062,Fiji,8495.041666666666,3
