,Country,Monthly_Sal_EUR,YearsCodePro
2961,Georgia,639.6266666666667,2.0
25982,Georgia,2688.17204301075,4.0
26836,Georgia,199.88333333333333,7.0
26889,Georgia,799.5333333333333,2.0
