,Country,Monthly_Sal_EUR,YearsCodePro
44910,Haiti,19.988333333333333,3
58910,Haiti,69.95916666666666,2
