,Country,Monthly_Sal_EUR,YearsCodePro
2307,I prefer not to say,10993.583333333332,2.0
4778,I prefer not to say,2688.17204301075,9.0
16426,I prefer not to say,3584.2293906809996,5.0
24451,I prefer not to say,8495.041666666666,2.0
44640,I prefer not to say,876.3440860215084,3.0
46169,I prefer not to say,1.1343604651162802,7.0
