,Country,Monthly_Sal_EUR,YearsCodePro
9242,Iceland,13991.833333333332,17
10851,Iceland,499.7083333333333,2
25925,Iceland,799.5333333333333,3
55851,Iceland,469.7258333333333,10
