,Country,Monthly_Sal_EUR,YearsCodePro
18519,Isle of Man,3098.1916666666666,4
23729,Isle of Man,6995.916666666666,11
65240,Isle of Man,13751.973333333332,22
