,Country,Monthly_Sal_EUR,YearsCodePro
16016,Japan,5511.283208333332,7.0
23291,Japan,19544.572801760376,4.0
35441,Japan,76.2238339268653,5.0
40569,Japan,3518.0231043168587,1.0
46081,Japan,4690.697472422475,1.0
