,Country,Monthly_Sal_EUR,YearsCodePro
3292,Kuwait,249.85416666666666,10
13613,Kuwait,989.4224999999999,4
28421,Kuwait,59.965,6
59722,Kuwait,144.91541666666666,8
