,Country,Monthly_Sal_EUR,YearsCodePro
10950,Luxembourg,3360.2150537634416,3.0
13871,Luxembourg,3584.2293906809996,7.0
29484,Luxembourg,6720.430107526883,4.0
31481,Luxembourg,2903.2258064516163,2.0
34032,Luxembourg,4032.258064516125,2.0
40632,Luxembourg,4301.0752688172,17.0
41066,Luxembourg,4838.709677419358,2.0
45073,Luxembourg,2956.9892473118252,2.0
