,Country,Monthly_Sal_EUR,YearsCodePro
36627,Maldives,3997.6666666666665,2
40606,Maldives,1938.8683333333333,8
44032,Maldives,3997.6666666666665,6
48043,Maldives,1798.95,4
53378,Maldives,999.4166666666666,9
58856,Maldives,2498.5416666666665,10
78727,Maldives,1499.125,7
