,Country,Monthly_Sal_EUR,YearsCodePro
21935,Malta,2164.247311827958,5.0
21974,Malta,2150.5376344086,5.0
25817,Malta,1926.5232974910416,4.0
26718,Malta,2419.354838709675,4.0
27216,Malta,4121.86379928315,16.0
29286,Malta,2688.17204301075,3.0
32443,Malta,2777.7777777777746,3.0
40643,Malta,2473.1182795698915,8.0
46264,Malta,2419.354838709675,1.0
48763,Malta,2198.7166666666667,1.0
