,Country,Monthly_Sal_EUR,YearsCodePro
40821,Mauritania,19.988333333333333,4
63721,Mauritania,3497.958333333333,2
