,Country,Monthly_Sal_EUR,YearsCodePro
20690,Mauritius,49.97083333333333,1
21059,Mauritius,4197.549999999999,1
31641,Mauritius,3997.6666666666665,6
46361,Mauritius,5696.675,7
54185,Mauritius,4997.083333333333,9
58752,Mauritius,8295.158333333333,9
63955,Mauritius,2998.25,3
