,Country,Monthly_Sal_EUR,YearsCodePro
29608,Montenegro,896.0573476702499,4.0
30948,Montenegro,860.2150537634417,3.0
