,Country,Monthly_Sal_EUR,YearsCodePro
50863,Mozambique,249.85416666666666,3
58407,Mozambique,499.7083333333333,2
60245,Mozambique,5196.966666666666,2
73015,Mozambique,499.7083333333333,7
