,Country,Monthly_Sal_EUR,YearsCodePro
50190,Mozambique,684.6004166666667,4
54214,Mozambique,5896.5583333333325,3
82248,Mozambique,3497.958333333333,1
