,Country,Monthly_Sal_EUR,YearsCodePro
15033,Myanmar,79.95333333333333,3
22405,Myanmar,429.7491666666666,7
53724,Myanmar,34.97958333333333,3
56781,Myanmar,19988.333333333332,1
73144,Myanmar,59.965,5
73720,Myanmar,9994.166666666666,11
