,Country,Monthly_Sal_EUR,YearsCodePro
2930,Myanmar,499.7083333333333,3.0
35207,Myanmar,4668.997668997674,9.0
47715,Myanmar,11726.74368105616,4.0
