,Country,Monthly_Sal_EUR,YearsCodePro
10609,Namibia,5129.5060416666665,7
26776,Namibia,1998.8333333333333,10
