,Country,Monthly_Sal_EUR,YearsCodePro
10727,Nigeria,762.7547999999999,6.0
14250,Nigeria,1199.3,3.0
17474,Nigeria,1029.3991666666666,8.0
23705,Nigeria,3.9976666666666665,3.0
26772,Nigeria,377.6795583333333,3.0
37663,Nigeria,399.76666666666665,6.0
46909,Nigeria,599.65,1.0
48539,Nigeria,999.4166666666666,2.0
