,Country,Monthly_Sal_EUR,YearsCodePro
8924,Oman,119.93,7
17575,Oman,89.9475,2
29633,Oman,999.4166666666666,2
42995,Oman,129.92416666666668,2
