,Country,Monthly_Sal_EUR,YearsCodePro
15753,Panama,3358.04,9
18273,Panama,1798.95,0
21666,Panama,4503.371499999999,18
26348,Panama,1679.02,3
28744,Panama,3597.9,6
43207,Panama,2998.25,0
66469,Panama,2518.5299999999997,9
70340,Panama,1439.16,9
71369,Panama,1439.16,6
72450,Panama,4997.083333333333,6
73013,Panama,99.94166666666666,0
75090,Panama,2530.523,21
75361,Panama,18389.266666666666,27
78053,Panama,2998.25,9
80314,Panama,1199.3,0
