,Country,Monthly_Sal_EUR,YearsCodePro
5051,Paraguay,809.5274999999999,6
6105,Paraguay,1559.0900000000001,3
6444,Paraguay,19988.333333333332,15
6473,Paraguay,9994.166666666666,9
7487,Paraguay,1798.95,3
7559,Paraguay,599.65,0
11042,Paraguay,2878.32,6
26347,Paraguay,1417.5726,9
41250,Paraguay,1199.3,3
42149,Paraguay,581.6605,0
49710,Paraguay,1798.95,3
57888,Paraguay,2398.6,12
62480,Paraguay,749.5625,6
64381,Paraguay,1798.95,12
65332,Paraguay,3148.1625000000004,12
83596,Paraguay,2398.6,6
