,Country,Monthly_Sal_EUR,YearsCodePro
1655,Paraguay,5996.5,4
18147,Paraguay,14991.25,12
20615,Paraguay,19988.333333333332,20
28037,Paraguay,899.475,9
60381,Paraguay,99.94166666666666,8
67108,Paraguay,199.88333333333333,8
77614,Paraguay,479.72,7
81748,Paraguay,323.811,3
