,Country,Monthly_Sal_EUR,YearsCodePro
11640,Peru,7195.8,5.0
12709,Peru,4197.549999999999,7.0
13330,Peru,99.94166666666666,9.0
34899,Peru,899.475,4.0
43204,Peru,2358.623333333333,5.0
44533,Peru,3837.76,10.0
