,Country,Monthly_Sal_EUR,YearsCodePro
10703,Rwanda,99.94166666666666,5
43821,Rwanda,49.97083333333333,3
