,Country,Monthly_Sal_EUR,YearsCodePro
31943,San Marino,5496.791666666666,8
56817,San Marino,2498.5416666666665,34
