,Country,Monthly_Sal_EUR,YearsCodePro
7866,Senegal,144.91541666666666,3
41683,Senegal,304.82208333333335,9
82162,Senegal,199.88333333333333,8
