,Country,Monthly_Sal_EUR,YearsCodePro
33725,Somalia,49.97083333333333,3
58408,Somalia,79.95333333333333,2
83379,Somalia,59.965,1
