,Country,Monthly_Sal_EUR,YearsCodePro
9922,Somalia,69.95916666666666,5
26594,Somalia,49.97083333333333,5
26655,Somalia,239.86,6
43135,Somalia,49.97083333333333,5
