,Country,Monthly_Sal_EUR,YearsCodePro
5007,South Korea,309.81916666666666,14
5926,South Korea,249.85416666666666,8
54978,South Korea,2998.25,2
