,Country,Monthly_Sal_EUR,YearsCodePro
16631,Sudan,9.994166666666667,3
28118,Sudan,199.88333333333333,5
29793,Sudan,9.994166666666667,2
48644,Sudan,39.97666666666667,1
49570,Sudan,9994.166666666666,3
52752,Sudan,154.90958333333333,9
58218,Sudan,99.94166666666666,2
62711,Sudan,1798.95,3
63327,Sudan,8994.75,5
64770,Sudan,5996.5,6
75582,Sudan,6995.916666666666,3
