,Country,Monthly_Sal_EUR,YearsCodePro
19374,Sudan,2904.7046,3
32963,Sudan,599.65,0
40140,Sudan,683.6009999999999,6
41292,Sudan,1679.02,6
64711,Sudan,369.38439999999997,0
66119,Sudan,1367.2019999999998,0
75840,Sudan,273.44039999999995,0
83781,Sudan,4.997083333333333,0
85052,Sudan,119.93,0
