,Country,Monthly_Sal_EUR,YearsCodePro
12030,Swaziland,1099.3583333333333,3
54783,Swaziland,499.7083333333333,5
