,Country,Monthly_Sal_EUR,YearsCodePro
19798,Taiwan,109.93583333333333,1.0
45853,Taiwan,3997.6666666666665,2.0
