,Country,Monthly_Sal_EUR,YearsCodePro
22592,Tajikistan,1499.125,3
48304,Tajikistan,699.5916666666667,2
73191,Tajikistan,199.88333333333333,1
