,Country,Monthly_Sal_EUR,YearsCodePro
21674,Zambia,499.7083333333333,5
41557,Zambia,199.88333333333333,1
49466,Zambia,7995.333333333333,3
55516,Zambia,2398.6,7
56322,Zambia,99.94166666666666,1
