,Country,Monthly_Sal_EUR,YearsCodePro
11504,Zambia,14991.25,7
29725,Zambia,499.7083333333333,5
30367,Zambia,1299.2416666666666,3
42148,Zambia,499.7083333333333,1
53896,Zambia,159.90666666666667,1
61719,Zambia,4497.375,4
65010,Zambia,224.86875,1
65376,Zambia,9.994166666666667,5
