,Country,Monthly_Sal_EUR,EdLevel
427,Albania,716.8458781362008,Bachelor's degree
4310,Albania,14336.917562723998,Master's degree
16059,Albania,752.6881720430108,Bachelor's degree
21497,Albania,896.0573476702499,Bachelor's degree
26853,Albania,7995.333333333333,Bachelor's degree
39515,Albania,10313.580246913567,No formal education
48483,Albania,1792.1146953404998,Bachelor's degree
50739,Albania,52.46417151162791,Master's degree
