,Country,Monthly_Sal_EUR,YearsCodePro
427,Albania,716.8458781362008,2.0
4310,Albania,14336.917562723998,2.0
16059,Albania,752.6881720430108,2.0
21497,Albania,896.0573476702499,3.0
26853,Albania,7995.333333333333,3.0
39515,Albania,10313.580246913567,5.0
48483,Albania,1792.1146953404998,2.0
50739,Albania,52.46417151162791,4.0
