,Country,Monthly_Sal_EUR,YearsCodePro
40940,Andorra,4892.6442916666665,15
82802,Andorra,5137.301491666667,30
