,Country,Monthly_Sal_EUR,YearsCodePro
28016,Armenia,549.6791666666667,13
37074,Armenia,59.965,2
56066,Armenia,14991.25,1
62885,Armenia,19988.333333333332,2
