,Country,Monthly_Sal_EUR,YearsCodePro
7611,Barbados,399.76666666666665,3
39410,Barbados,3098.1916666666666,3
44183,Barbados,199.88333333333333,5
50995,Barbados,2038.81,10
63869,Barbados,5996.5,10
80617,Barbados,2339.8343,4
