,Country,Monthly_Sal_EUR,YearsCodePro
19974,Benin,39.97666666666667,2
74063,Benin,14991.25,1
83174,Benin,21.987166666666667,2
83435,Benin,19988.333333333332,2
