,Country,Monthly_Sal_EUR,YearsCodePro
12038,Bhutan,3048.2208333333333,1
27012,Bhutan,6995.916666666666,2
62280,Bhutan,1199.3,1
