,Country,Monthly_Sal_EUR,YearsCodePro
1018,Botswana,779.5450000000001,2
27219,Botswana,199.88333333333333,2
80798,Botswana,499.7083333333333,1
