,Country,Monthly_Sal_EUR,YearsCodePro
10772,Cambodia,39.97666666666667,1
20070,Cambodia,149.9125,9
39210,Cambodia,19988.333333333332,1
44472,Cambodia,39.97666666666667,3
54127,Cambodia,44.97375,2
57045,Cambodia,99.94166666666666,5
76585,Cambodia,649.6208333333333,13
78563,Cambodia,5996.5,10
