,Country,Monthly_Sal_EUR,YearsCodePro
1712,Cameroon,19988.333333333332,3
10675,Cameroon,9994.166666666666,2
15556,Cameroon,119.93,4
30178,Cameroon,19988.333333333332,3
33041,Cameroon,1798.95,8
62445,Cameroon,1998.8333333333333,2
66993,Cameroon,72.15788333333333,3
68007,Cameroon,24.985416666666666,2
69140,Cameroon,3497.958333333333,1
70571,Cameroon,15490.958333333332,1
76748,Cameroon,14991.25,3
82620,Cameroon,79.95333333333333,6
88165,Cameroon,14991.25,2
