,Country,Monthly_Sal_EUR,YearsCodePro
264,Costa Rica,5896.5583333333325,6.0
20983,Costa Rica,4397.433333333333,7.0
26199,Costa Rica,219.87166666666667,1.0
27507,Costa Rica,1299.2416666666666,2.0
29925,Costa Rica,1499.125,3.0
40750,Costa Rica,2198.7166666666667,1.0
44441,Costa Rica,7974.910394265233,10.0
