,Country,Monthly_Sal_EUR,YearsCodePro
2302,Cuba,1679.02,1
14338,Cuba,7912.981400000001,15
17112,Cuba,89.9475,4
17236,Cuba,99.94166666666666,3
24749,Cuba,79.95333333333333,1
26227,Cuba,59.965,6
26259,Cuba,349.79583333333335,3
32718,Cuba,999.4166666666666,4
39440,Cuba,699.5916666666667,16
47048,Cuba,1499.125,10
52930,Cuba,34.97958333333333,12
57545,Cuba,79.95333333333333,5
57570,Cuba,70.95858333333334,3
59601,Cuba,142.416875,5
63441,Cuba,59.965,5
