,Country,Monthly_Sal_EUR,YearsCodePro
11342,Dominican Republic,1699.0083333333334,3.0
13366,Dominican Republic,219.87166666666667,3.0
13368,Dominican Republic,1459.148333333333,8.0
15059,Dominican Republic,1269.2591666666667,13.0
37647,Dominican Republic,115.432625,2.0
43711,Dominican Republic,2698.425,20.0
46416,Dominican Republic,4797.2,6.0
