,Country,Monthly_Sal_EUR,YearsCodePro
18841,Ghana,57.36651666666666,5.0
42808,Ghana,9394.516666666666,7.0
