,Country,Monthly_Sal_EUR,YearsCodePro
9073,Hong Kong,7565.711652131775,1.0
9105,Hong Kong,3997.6666666666665,2.0
