,Country,Monthly_Sal_EUR,YearsCodePro
4382,Iceland,499.7083333333333,10
39792,Iceland,699.5916666666667,22
58510,Iceland,699.5916666666667,5
