,Country,Monthly_Sal_EUR,YearsCodePro
6966,Indonesia,449.7375,1
8975,Indonesia,5996.5,9
9670,Indonesia,99.94166666666666,4
32233,Indonesia,88.04860833333333,5
36568,Indonesia,524.6937499999999,8
56564,Indonesia,9994.166666666666,1
