,Country,Monthly_Sal_EUR,YearsCodePro
22053,Indonesia,449.7375,3
22371,Indonesia,199.88333333333333,1
37522,Indonesia,249.85416666666666,10
41431,Indonesia,349.79583333333335,5
63015,Indonesia,1699.0083333333334,5
65231,Indonesia,11.992999999999999,1
70840,Indonesia,34.97958333333333,7
72513,Indonesia,209.8775,11
72811,Indonesia,949.4458333333333,13
78175,Indonesia,999.4166666666666,1
81369,Indonesia,199.88333333333333,18
