,Country,Monthly_Sal_EUR,YearsCodePro
992,Iran,199.88333333333333,16.0
7453,Iran,3997.6666666666665,16.0
7792,Iran,1199.3,6.0
9811,Iran,449.7375,1.0
11762,Iran,3597.9,10.0
12276,Iran,1499.125,5.0
13786,Iran,899.475,10.0
30194,Iran,999.4166666666666,6.0
36670,Iran,799.5333333333333,6.0
50676,Iran,2098.7749999999996,13.0
