,Country,Monthly_Sal_EUR,YearsCodePro
9591,Iraq,99.94166666666666,2
54725,Iraq,49.97083333333333,1
56495,Iraq,69.95916666666666,25
