,Country,Monthly_Sal_EUR,YearsCodePro
49486,Iraq,44.97375,6
62044,Iraq,99.94166666666666,2
68323,Iraq,599.65,4
76478,Iraq,129.92416666666668,5
