,Country,Monthly_Sal_EUR,YearsCodePro
3075,Isle of Man,2848.3375,3
8446,Isle of Man,2498.5416666666665,2
22239,Isle of Man,2998.25,3
50879,Isle of Man,4197.549999999999,6
