,Country,Monthly_Sal_EUR,YearsCodePro
30445,Jamaica,14991.25,1
35890,Jamaica,9994.166666666666,5
36198,Jamaica,12992.416666666666,2
40964,Jamaica,39.97666666666667,1
