,Country,Monthly_Sal_EUR,YearsCodePro
6560,Lebanon,219.87166666666667,1
8357,Lebanon,3997.6666666666665,12
10922,Lebanon,399.76666666666665,10
11580,Lebanon,129.92416666666668,3
22033,Lebanon,199.88333333333333,3
22539,Lebanon,99.94166666666666,5
22921,Lebanon,3997.6666666666665,16
49931,Lebanon,199.88333333333333,4
57210,Lebanon,3497.958333333333,3
59779,Lebanon,162.90491666666668,1
61325,Lebanon,199.88333333333333,2
