,Country,Monthly_Sal_EUR,YearsCodePro
3289,Liechtenstein,7733.071666666665,4.0
9684,Liechtenstein,6046.033333333333,4.0
14345,Liechtenstein,13652.333333333332,14.0
