,Country,Monthly_Sal_EUR,YearsCodePro
36801,Madagascar,62.963249999999995,3
54411,Madagascar,19988.333333333332,1
55610,Madagascar,9994.166666666666,2
62506,Madagascar,9994.166666666666,2
