,Country,Monthly_Sal_EUR,YearsCodePro
2602,Malaysia,1199.3,3.0
11693,Malaysia,499.7083333333333,3.0
15196,Malaysia,8602.150537634416,11.0
17123,Malaysia,1322.1283083333333,5.0
22122,Malaysia,2998.25,4.0
24937,Malaysia,129.92416666666668,2.0
29329,Malaysia,14059.15063867276,6.0
33519,Malaysia,11247.32051093821,8.0
33625,Malaysia,677.5045583333333,2.0
37962,Malaysia,84.95041666666665,3.0
46075,Malaysia,3361.678321678325,3.0
