,Country,Monthly_Sal_EUR,YearsCodePro
13416,Mauritius,1494.3278,6
20082,Mauritius,1822.936,12
25658,Mauritius,880.2862,0
34963,Mauritius,1531.5060999999998,6
36718,Mauritius,935.454,6
40523,Mauritius,3280.0854999999997,0
51090,Mauritius,1276.0552,3
55460,Mauritius,1957.0577166666667,9
56776,Mauritius,4197.549999999999,6
72637,Mauritius,1093.7615999999998,6
