,Country,Monthly_Sal_EUR,YearsCodePro
808,Norway,6496.208333333333,2.0
8187,Norway,10304.659498207915,14.0
40577,Norway,10493.875,14.0
