,Country,Monthly_Sal_EUR,YearsCodePro
26234,Oman,599.65,10
27672,Oman,99.94166666666666,22
30202,Oman,79.95333333333333,8
64407,Oman,249.85416666666666,8
