,Country,Monthly_Sal_EUR,YearsCodePro
295,Panama,259.84833333333336,5
17669,Panama,129.92416666666668,2
18476,Panama,199.88333333333333,4
23257,Panama,169.9008333333333,2
32283,Panama,149.9125,2
34704,Panama,229.8658333333333,11
41622,Panama,94.94458333333333,1
42963,Panama,249.85416666666666,5
48443,Panama,94.444875,1
50034,Panama,199.88333333333333,8
50082,Panama,149.9125,9
58847,Panama,1998.8333333333333,3
60114,Panama,2498.5416666666665,11
61617,Panama,599.65,2
