,Country,Monthly_Sal_EUR,YearsCodePro
6298,Paraguay,59.965,3.0
15699,Paraguay,184.89208333333332,5.0
22858,Paraguay,1998.8333333333333,4.0
36401,Paraguay,1576.5797916666666,7.0
45423,Paraguay,2698.425,12.0
49811,Paraguay,1199.3,3.0
