,Country,Monthly_Sal_EUR,YearsCodePro
61796,San Marino,4197.549999999999,3
71798,San Marino,189.88916666666665,7
