,Country,Monthly_Sal_EUR,YearsCodePro
3205,Somalia,79.95333333333333,2
34593,Somalia,79.95333333333333,4
