,Country,Monthly_Sal_EUR,YearsCodePro
29636,South Korea,4997.083333333333,3
29911,South Korea,7995.333333333333,4
54910,South Korea,249.85416666666666,1
55465,South Korea,5496.791666666666,5
