,Country,Monthly_Sal_EUR,YearsCodePro
3301,South Korea,7661.528166666667,13.0
11749,South Korea,249.85416666666666,2.0
18260,South Korea,13991.833333333332,14.0
