,Country,Monthly_Sal_EUR,YearsCodePro
9486,Swaziland,11693.175,9
12257,Swaziland,6995.916666666666,13
22904,Swaziland,199.88333333333333,5
58850,Swaziland,799.5333333333333,2
