,Country,Monthly_Sal_EUR,YearsCodePro
866,Syrian Arab Republic,9994.166666666666,2
12211,Syrian Arab Republic,12492.708333333332,2
12502,Syrian Arab Republic,9994.166666666666,4
27113,Syrian Arab Republic,79.95333333333333,4
