,Country,Monthly_Sal_EUR,YearsCodePro
1719,Turkmenistan,99.94166666666666,3
4890,Turkmenistan,799.5333333333333,3
39797,Turkmenistan,9994.166666666666,2
