,Country,Monthly_Sal_EUR,YearsCodePro
25335,Yemen,4997.083333333333,8
47222,Yemen,4997.083333333333,1
64719,Yemen,19988.333333333332,3
84276,Yemen,499.7083333333333,4
